Date,High,Low,Open,Close,Volume,Adj Close,prevclose,direction,daily_range,3-day MA
2017-10-04,358.6199951171875,349.6000061035156,351.25,355.010009765625,8163500,355.010009765625,348.1400146484375,Up,3.760009765625,348.22667439778644
2017-10-05,357.44000244140625,351.3500061035156,356.0,355.3299865722656,4171700,355.3299865722656,355.010009765625,Up,-0.670013427734375,352.82667032877606
2017-10-06,360.1000061035156,352.25,353.1000061035156,356.8800048828125,4297500,356.8800048828125,355.3299865722656,Up,3.779998779296875,355.74000040690106
2017-10-10,355.6300048828125,345.5299987792969,346.79998779296875,355.5899963378906,6978500,355.5899963378906,342.94000244140625,Up,8.790008544921875,355.93332926432294
2017-10-12,359.7799987792969,352.6400146484375,352.95001220703125,355.67999267578125,4087000,355.67999267578125,354.6000061035156,Up,2.72998046875,356.0499979654948
2017-10-17,356.2200012207031,350.07000732421875,350.9100036621094,355.75,3293300,355.75,350.6000061035156,Up,4.839996337890625,355.67332967122394
2017-10-18,363.0,354.1300048828125,355.9700012207031,359.6499938964844,4939100,359.6499938964844,355.75,Up,3.67999267578125,357.0266621907552
2017-10-24,342.79998779296875,336.1600036621094,338.79998779296875,337.3399963378906,4491700,337.3399963378906,337.0199890136719,Up,-1.459991455078125,350.913330078125
2017-10-26,330.2300109863281,323.20001220703125,327.7799987792969,326.1700134277344,5023500,326.1700134277344,325.8399963378906,Up,-1.6099853515625,341.05333455403644
2017-10-31,331.95001220703125,320.17999267578125,320.2300109863281,331.5299987792969,5672300,331.5299987792969,320.0799865722656,Up,11.29998779296875,331.6800028483073
2017-11-03,306.25,295.1300048828125,299.5,306.0899963378906,8894000,306.0899963378906,299.260009765625,Up,6.589996337890625,321.2633361816406
2017-11-07,306.5,300.0299987792969,301.0199890136719,306.04998779296875,5294300,306.04998779296875,302.7799987792969,Up,5.029998779296875,314.55666097005206
2017-11-13,316.79998779296875,299.1099853515625,300.1300048828125,315.3999938964844,7584900,315.3999938964844,302.989990234375,Up,15.269989013671875,309.17999267578125
2017-11-15,312.489990234375,301.5,306.010009765625,311.29998779296875,5978700,311.29998779296875,308.70001220703125,Up,5.28997802734375,310.9166564941406
2017-11-16,318.1400146484375,311.29998779296875,313.989990234375,312.5,5822100,312.5,311.29998779296875,Up,-1.489990234375,313.06666056315106
2017-11-17,326.6700134277344,313.1499938964844,325.6700134277344,315.04998779296875,13735100,315.04998779296875,312.5,Up,-10.620025634765625,312.9499918619792
2017-11-21,318.2300109863281,308.7099914550781,310.8599853515625,317.80999755859375,7261300,317.80999755859375,308.739990234375,Up,6.95001220703125,315.1199951171875
2017-11-24,316.4100036621094,311.0,313.7900085449219,315.54998779296875,3244100,315.54998779296875,312.6000061035156,Up,1.759979248046875,316.13665771484375
2017-11-27,317.3399963378906,309.510009765625,313.25,316.80999755859375,4555900,316.80999755859375,315.54998779296875,Up,3.55999755859375,316.72332763671875
2017-11-28,320.0,313.9200134277344,316.3599853515625,317.54998779296875,4949500,317.54998779296875,316.80999755859375,Up,1.19000244140625,316.63665771484375
2017-11-30,310.70001220703125,304.5400085449219,308.55999755859375,308.8500061035156,4351600,308.8500061035156,307.5400085449219,Up,0.290008544921875,314.40333048502606
2017-12-06,313.3900146484375,300.0,300.1000061035156,313.260009765625,7195300,313.260009765625,303.70001220703125,Up,13.160003662109375,313.2200012207031
2017-12-08,316.9800109863281,311.260009765625,314.6000061035156,315.1300048828125,3468500,315.1300048828125,311.239990234375,Up,0.529998779296875,312.41334025065106
2017-12-11,329.010009765625,313.75,314.6300048828125,328.9100036621094,7938000,328.9100036621094,315.1300048828125,Up,14.279998779296875,319.1000061035156
2017-12-12,341.44000244140625,330.0299987792969,330.45001220703125,341.0299987792969,8733200,341.0299987792969,328.9100036621094,Up,10.579986572265625,328.35666910807294
2017-12-15,343.8999938964844,335.760009765625,342.0400085449219,343.45001220703125,6933200,343.45001220703125,337.8900146484375,Up,1.410003662109375,337.7966715494792
2017-12-21,333.739990234375,327.2099914550781,329.5899963378906,331.6600036621094,4385200,331.6600036621094,328.9800109863281,Up,2.07000732421875,338.7133382161458
2017-12-28,315.82000732421875,309.5400085449219,311.75,315.3599853515625,4316300,315.3599853515625,311.6400146484375,Up,3.6099853515625,330.1566670735677
2018-01-02,322.1099853515625,311.0,312.0,320.5299987792969,4352200,320.5299987792969,311.3500061035156,Up,8.529998779296875,322.51666259765625
2018-01-05,317.239990234375,312.0,316.6199951171875,316.5799865722656,4591200,316.5799865722656,314.6199951171875,Up,-0.040008544921875,317.489990234375
2018-01-08,337.0199890136719,315.5,316.0,336.4100036621094,9859400,336.4100036621094,316.5799865722656,Up,20.410003662109375,324.5066630045573
2018-01-10,337.0,330.0,332.20001220703125,334.79998779296875,4309900,334.79998779296875,333.69000244140625,Up,2.5999755859375,329.26332600911456
2018-01-11,344.80999755859375,333.260009765625,335.239990234375,337.95001220703125,6645500,337.95001220703125,334.79998779296875,Up,2.71002197265625,336.3866678873698
2018-01-16,345.0,334.79998779296875,337.5400085449219,340.05999755859375,6474300,340.05999755859375,336.2200012207031,Up,2.519989013671875,337.60333251953125
2018-01-17,349.0,339.75,340.4700012207031,347.1600036621094,7103500,347.1600036621094,340.05999755859375,Up,6.69000244140625,341.7233378092448
2018-01-19,350.5899963378906,342.6000061035156,345.0,350.0199890136719,4888300,350.0199890136719,344.57000732421875,Up,5.019989013671875,345.7466634114583
2018-01-22,357.8299865722656,349.20001220703125,349.3999938964844,351.55999755859375,6210400,351.55999755859375,350.0199890136719,Up,2.160003662109375,349.5799967447917
2018-01-23,360.5,351.0,360.0,352.7900085449219,5465400,352.7900085449219,351.55999755859375,Up,-7.209991455078125,351.4566650390625
2018-01-26,344.0,335.7099914550781,341.5,342.8500061035156,4539400,342.8500061035156,337.6400146484375,Up,1.350006103515625,349.06667073567706
2018-01-29,350.8500061035156,338.2799987792969,339.8500061035156,349.5299987792969,4747100,349.5299987792969,342.8500061035156,Up,9.67999267578125,348.39000447591144
2018-01-31,356.19000244140625,345.19000244140625,347.510009765625,354.30999755859375,6214100,354.30999755859375,345.82000732421875,Up,6.79998779296875,348.89666748046875
2018-02-06,336.2200012207031,323.5,325.2099914550781,333.9700012207031,5088400,333.9700012207031,333.1300048828125,Up,8.760009765625,345.93666585286456
2018-02-07,346.0,335.6600036621094,338.989990234375,345.0,6969200,345.0,333.9700012207031,Up,6.010009765625,344.4266662597656
2018-02-12,318.0799865722656,306.25,316.1300048828125,315.7300109863281,6227800,315.7300109863281,310.4200134277344,Up,-0.399993896484375,331.56667073567706
2018-02-13,324.19000244140625,312.510009765625,315.0199890136719,323.6600036621094,4560200,323.6600036621094,315.7300109863281,Up,8.6400146484375,328.1300048828125
2018-02-15,334.1199951171875,322.3999938964844,324.5,334.07000732421875,5912900,334.07000732421875,322.30999755859375,Up,9.57000732421875,324.48667399088544
2018-02-16,343.1199951171875,331.6400146484375,332.5,335.489990234375,5642600,335.489990234375,334.07000732421875,Up,2.989990234375,331.0733337402344
2018-02-22,347.44000244140625,334.75,335.5299987792969,346.1700134277344,6969800,346.1700134277344,333.29998779296875,Up,10.6400146484375,338.57667032877606
2018-02-23,354.989990234375,347.1000061035156,347.8299865722656,352.04998779296875,5817400,352.04998779296875,346.1700134277344,Up,4.220001220703125,344.5699971516927
2018-02-26,359.0,352.3599853515625,353.5,357.4200134277344,4340000,357.4200134277344,352.04998779296875,Up,3.920013427734375,351.8800048828125
2018-03-02,335.2200012207031,322.9700012207031,326.9800109863281,335.1199951171875,5092800,335.1199951171875,330.92999267578125,Up,8.139984130859375,348.19666544596356
2018-03-07,332.5,321.739990234375,325.44000244140625,332.29998779296875,5007300,332.29998779296875,328.20001220703125,Up,6.8599853515625,341.6133321126302
2018-03-12,347.2099914550781,326.5,328.6099853515625,345.510009765625,8264000,345.510009765625,327.1700134277344,Up,16.9000244140625,337.64333089192706
2018-03-21,322.44000244140625,310.19000244140625,310.25,316.5299987792969,5958400,316.5299987792969,310.54998779296875,Up,6.279998779296875,331.44666544596356
2018-03-26,307.5899963378906,291.3599853515625,307.3399963378906,304.17999267578125,8375200,304.17999267578125,301.5400085449219,Up,-3.160003662109375,322.0733337402344
2018-03-29,270.9599914550781,248.2100067138672,256.489990234375,266.1300048828125,15170700,266.1300048828125,257.7799987792969,Up,9.6400146484375,295.6133321126302
2018-04-03,273.3500061035156,254.49000549316406,269.82000732421875,267.5299987792969,18844400,267.5299987792969,252.47999572753906,Up,-2.290008544921875,279.2799987792969
2018-04-04,288.3699951171875,252.0,252.77999877929688,286.94000244140625,19896700,286.94000244140625,267.5299987792969,Up,34.160003662109375,273.53333536783856
2018-04-05,306.260009765625,288.20001220703125,289.3399963378906,305.7200012207031,19121100,305.7200012207031,286.94000244140625,Up,16.3800048828125,286.73000081380206
2018-04-10,307.1000061035156,293.67999267578125,298.9700012207031,304.70001220703125,10989800,304.70001220703125,289.6600036621094,Up,5.730010986328125,299.12000528971356
2018-04-13,303.95001220703125,295.9800109863281,303.6000061035156,300.3399963378906,7327200,300.3399963378906,294.0799865722656,Up,-3.260009765625,303.586669921875
2018-04-18,300.239990234375,288.1600036621094,291.0799865722656,293.3500061035156,6557700,293.3500061035156,287.69000244140625,Up,2.27001953125,299.4633382161458
2018-04-19,301.010009765625,288.54998779296875,291.0799865722656,300.0799865722656,6090600,300.0799865722656,293.3500061035156,Up,9.0,297.92332967122394
2018-04-24,287.0899963378906,278.4599914550781,285.0,283.4599914550781,5685300,283.4599914550781,283.3699951171875,Up,-1.540008544921875,292.2966613769531
2018-04-26,285.7900085449219,276.5,278.75,285.4800109863281,4356000,285.4800109863281,280.69000244140625,Up,6.730010986328125,289.67332967122394
2018-04-27,294.4700012207031,283.8299865722656,285.3699951171875,294.0799865722656,4364600,294.0799865722656,285.4800109863281,Up,8.709991455078125,287.67332967122394
2018-05-01,300.82000732421875,293.2200012207031,293.510009765625,299.9200134277344,4625600,299.9200134277344,293.8999938964844,Up,6.410003662109375,293.1600036621094
2018-05-02,306.8500061035156,297.7799987792969,298.57000732421875,301.1499938964844,8970400,301.1499938964844,299.9200134277344,Up,2.579986572265625,298.3833312988281
2018-05-04,296.8599853515625,279.5199890136719,283.0,294.0899963378906,8569400,294.0899963378906,284.45001220703125,Up,11.089996337890625,298.3866678873698
2018-05-07,305.9599914550781,295.1700134277344,297.5,302.7699890136719,8678200,302.7699890136719,294.0899963378906,Up,5.269989013671875,299.33665974934894
2018-05-09,307.010009765625,300.04998779296875,300.4100036621094,306.8500061035156,5727400,306.8500061035156,301.9700012207031,Up,6.44000244140625,301.2366638183594
2018-05-16,288.80999755859375,281.55999755859375,283.8299865722656,286.4800109863281,5674000,286.4800109863281,284.17999267578125,Up,2.6500244140625,298.7000020345052
2018-05-21,291.489990234375,281.29998779296875,281.3299865722656,284.489990234375,9182600,284.489990234375,276.82000732421875,Up,3.160003662109375,292.60666910807294
2018-05-23,279.9100036621094,274.0,277.760009765625,279.07000732421875,5985100,279.07000732421875,275.010009765625,Up,1.30999755859375,283.34666951497394
2018-05-25,279.6400146484375,275.6099853515625,277.6300048828125,278.8500061035156,3875100,278.8500061035156,277.8500061035156,Up,1.220001220703125,280.80333455403644
2018-05-29,286.5,276.1499938964844,278.510009765625,283.760009765625,5666600,283.760009765625,278.8500061035156,Up,5.25,280.5600077311198
2018-05-30,295.010009765625,281.6000061035156,283.2900085449219,291.7200012207031,7489700,291.7200012207031,283.760009765625,Up,8.42999267578125,284.77667236328125
2018-06-01,291.95001220703125,283.8399963378906,285.8599853515625,291.82000732421875,5424400,291.82000732421875,284.7300109863281,Up,5.96002197265625,289.1000061035156
2018-06-04,299.0,293.54998779296875,294.3399963378906,296.739990234375,4797800,296.739990234375,291.82000732421875,Up,2.399993896484375,293.4266662597656
2018-06-06,322.1700134277344,297.4800109863281,300.5,319.5,18767300,319.5,291.1300048828125,Up,19.0,302.68666585286456
2018-06-08,324.4800109863281,317.1499938964844,319.0,317.6600036621094,8205200,317.6600036621094,316.0899963378906,Up,-1.339996337890625,311.2999979654948
2018-06-11,334.6600036621094,322.5,322.510009765625,332.1000061035156,13183500,332.1000061035156,317.6600036621094,Up,9.589996337890625,323.086669921875
2018-06-12,354.9700012207031,338.0,344.70001220703125,342.7699890136719,22347400,342.7699890136719,332.1000061035156,Up,-1.930023193359375,330.8433329264323
2018-06-13,347.20001220703125,339.79998779296875,346.7099914550781,344.7799987792969,9469800,344.7799987792969,342.7699890136719,Up,-1.92999267578125,339.8833312988281
2018-06-14,358.75,346.6000061035156,347.6300048828125,357.7200012207031,10981000,357.7200012207031,344.7799987792969,Up,10.089996337890625,348.42332967122394
2018-06-15,364.6700134277344,351.25,353.8399963378906,358.1700134277344,10848300,358.1700134277344,357.7200012207031,Up,4.33001708984375,353.5566711425781
2018-06-18,373.7300109863281,354.5,355.3999938964844,370.8299865722656,12073200,370.8299865722656,358.1700134277344,Up,15.42999267578125,362.24000040690106
2018-06-20,364.3800048828125,352.0,358.0400085449219,362.2200012207031,8383700,362.2200012207031,352.54998779296875,Up,4.17999267578125,363.74000040690106
2018-06-26,343.54998779296875,325.79998779296875,336.04998779296875,342.0,7452500,342.0,333.010009765625,Up,5.95001220703125,358.34999593098956
2018-06-27,350.7900085449219,339.5,345.0,344.5,8333700,344.5,342.0,Up,-0.5,349.5733337402344
2018-06-28,357.0199890136719,346.1099853515625,348.6600036621094,349.92999267578125,8398000,349.92999267578125,344.5,Up,1.269989013671875,345.47666422526044
2018-07-09,318.5199890136719,308.0,311.989990234375,318.510009765625,7596800,318.510009765625,308.8999938964844,Up,6.52001953125,337.64666748046875
2018-07-10,327.67999267578125,319.20001220703125,324.55999755859375,322.4700012207031,9471500,322.4700012207031,318.510009765625,Up,-2.089996337890625,330.30333455403644
2018-07-13,319.5799865722656,309.25,315.5799865722656,318.8699951171875,5869800,318.8699951171875,316.7099914550781,Up,3.290008544921875,319.9500020345052
2018-07-17,324.739990234375,308.5,308.80999755859375,322.69000244140625,6996200,322.69000244140625,310.1000061035156,Up,13.8800048828125,321.3433329264323
2018-07-18,325.5,316.25,325.0,323.8500061035156,5624200,323.8500061035156,322.69000244140625,Up,-1.149993896484375,321.80333455403644
2018-07-25,309.6199951171875,294.5,296.739990234375,308.739990234375,7075400,308.739990234375,297.42999267578125,Up,12.0,318.4266662597656
2018-07-31,298.32000732421875,289.07000732421875,292.25,298.1400146484375,5076900,298.1400146484375,290.1700134277344,Up,5.8900146484375,310.2433369954427
2018-08-01,303.0,293.0,297.989990234375,300.8399963378906,10129400,300.8399963378906,298.1400146484375,Up,2.850006103515625,302.5733337402344
2018-08-02,349.989990234375,323.1600036621094,328.44000244140625,349.5400085449219,23215000,349.5400085449219,300.8399963378906,Up,21.100006103515625,316.17333984375
2018-08-07,387.4599914550781,339.1499938964844,343.8399963378906,379.57000732421875,30875800,379.57000732421875,341.989990234375,Up,35.730010986328125,343.31667073567706
2018-08-10,360.0,346.0,354.0,355.489990234375,11552000,355.489990234375,352.45001220703125,Up,1.489990234375,361.53333536783856
2018-08-13,363.19000244140625,349.0199890136719,361.1300048828125,356.4100036621094,10463900,356.4100036621094,355.489990234375,Up,-4.720001220703125,363.8233337402344
2018-08-20,308.5,288.20001220703125,291.70001220703125,308.44000244140625,17402300,308.44000244140625,305.5,Up,16.739990234375,340.1133321126302
2018-08-21,324.7900085449219,309.0,310.6099853515625,321.8999938964844,13172200,321.8999938964844,308.44000244140625,Up,11.290008544921875,328.9166666666667
2018-08-24,323.8500061035156,319.3999938964844,320.70001220703125,322.82000732421875,3602600,322.82000732421875,320.1000061035156,Up,2.1199951171875,317.7200012207031
2018-09-06,291.1700134277344,278.8800048828125,284.79998779296875,280.95001220703125,7480800,280.95001220703125,280.739990234375,Up,-3.8499755859375,308.5566711425781
2018-09-10,286.0299987792969,271.0,273.260009765625,285.5,14283500,285.5,263.239990234375,Up,12.239990234375,296.42333984375
2018-09-12,292.5,278.6499938964844,281.44000244140625,290.5400085449219,10015400,290.5400085449219,279.44000244140625,Up,9.100006103515625,285.66334025065106
2018-09-14,297.3299865722656,286.5199890136719,288.760009765625,295.20001220703125,6765600,295.20001220703125,289.4599914550781,Up,6.44000244140625,290.41334025065106
2018-09-19,300.0,280.5,280.510009765625,299.0199890136719,8294900,299.0199890136719,284.9599914550781,Up,18.509979248046875,294.9200032552083
2018-09-21,300.5799865722656,295.3699951171875,297.70001220703125,299.1000061035156,5050500,299.1000061035156,298.3299865722656,Up,1.399993896484375,297.77333577473956
2018-09-24,303.0,293.5799865722656,298.4800109863281,299.67999267578125,4843000,299.67999267578125,299.1000061035156,Up,1.199981689453125,299.26666259765625
2018-09-25,304.6000061035156,296.5,300.0,300.989990234375,4481700,300.989990234375,299.67999267578125,Up,0.989990234375,299.92332967122394
2018-09-26,313.8900146484375,301.1099853515625,301.9100036621094,309.5799865722656,7843200,309.5799865722656,300.989990234375,Up,7.66998291015625,303.4166564941406
2018-10-01,311.44000244140625,301.04998779296875,305.7699890136719,310.70001220703125,21777600,310.70001220703125,264.7699890136719,Up,4.930023193359375,307.0899963378906
2018-10-09,266.7699890136719,253.3000030517578,255.25,262.79998779296875,12060600,262.79998779296875,250.55999755859375,Up,7.54998779296875,294.35999552408856
2018-10-12,261.989990234375,252.00999450683594,261.0,258.7799987792969,7201400,258.7799987792969,252.22999572753906,Up,-2.220001220703125,277.4266662597656
2018-10-15,263.2799987792969,254.5399932861328,259.05999755859375,259.5899963378906,6200000,259.5899963378906,258.7799987792969,Up,0.529998779296875,260.38999430338544
2018-10-16,277.3800048828125,262.239990234375,265.70001220703125,276.5899963378906,9526400,276.5899963378906,259.5899963378906,Up,10.889984130859375,264.9866638183594
2018-10-22,261.8599853515625,252.58999633789062,260.67999267578125,260.95001220703125,5600300,260.95001220703125,260.0,Up,0.27001953125,265.7100016276042
2018-10-23,297.92999267578125,262.1000061035156,263.8699951171875,294.1400146484375,19027800,294.1400146484375,260.95001220703125,Up,30.27001953125,277.22667439778644
2018-10-25,321.0,301.010009765625,317.2200012207031,314.8599853515625,20840700,314.8599853515625,288.5,Up,-2.360015869140625,289.98333740234375
2018-10-26,339.8999938964844,306.6499938964844,308.25,330.8999938964844,27425500,330.8999938964844,314.8599853515625,Up,22.649993896484375,313.2999979654948
2018-10-29,347.1600036621094,326.5,337.4700012207031,334.8500061035156,14486000,334.8500061035156,330.8999938964844,Up,-2.6199951171875,326.8699951171875
2018-10-31,342.0,329.1000061035156,332.5400085449219,337.32000732421875,7624300,337.32000732421875,329.8999938964844,Up,4.779998779296875,334.35666910807294
2018-11-01,347.8399963378906,334.7300109863281,338.260009765625,344.2799987792969,8000100,344.2799987792969,337.32000732421875,Up,6.019989013671875,338.81667073567706
2018-11-02,349.20001220703125,340.9100036621094,343.739990234375,346.4100036621094,7808000,346.4100036621094,344.2799987792969,Up,2.670013427734375,342.6700032552083
2018-11-07,351.17999267578125,340.79998779296875,343.3399963378906,348.1600036621094,7374500,348.1600036621094,341.05999755859375,Up,4.82000732421875,346.28333536783856
2018-11-08,357.5799865722656,348.44000244140625,348.5,351.3999938964844,7090700,351.3999938964844,348.1600036621094,Up,2.899993896484375,348.6566670735677
2018-11-13,344.70001220703125,332.20001220703125,333.1600036621094,338.7300109863281,5448600,338.7300109863281,331.2799987792969,Up,5.57000732421875,346.09666951497394
2018-11-14,347.1099853515625,337.1499938964844,342.70001220703125,344.0,5040300,344.0,338.7300109863281,Up,1.29998779296875,344.7100016276042
2018-11-15,348.5799865722656,339.0400085449219,342.3299865722656,348.44000244140625,4625700,348.44000244140625,344.0,Up,6.110015869140625,343.7233378092448
2018-11-16,355.70001220703125,345.1199951171875,345.19000244140625,354.30999755859375,7206200,354.30999755859375,348.44000244140625,Up,9.1199951171875,348.9166666666667
2018-11-26,346.2200012207031,325.0,325.0,346.0,7992100,346.0,325.8299865722656,Up,21.0,349.5833333333333
2018-11-28,348.2799987792969,342.2099914550781,345.989990234375,347.8699951171875,4127600,347.8699951171875,343.9200134277344,Up,1.8800048828125,349.39333089192706
2018-11-30,351.6000061035156,338.260009765625,341.8299865722656,350.4800109863281,5629100,350.4800109863281,341.1700134277344,Up,8.6500244140625,348.1166687011719
2018-12-03,366.0,352.0,360.0,358.489990234375,8306500,358.489990234375,350.4800109863281,Up,-1.510009765625,352.2799987792969
2018-12-04,368.67999267578125,352.0,356.04998779296875,359.70001220703125,8461900,359.70001220703125,358.489990234375,Up,3.6500244140625,356.2233378092448
2018-12-06,367.3800048828125,350.760009765625,356.010009765625,363.05999755859375,7842500,363.05999755859375,359.70001220703125,Up,7.04998779296875,360.4166666666667
2018-12-10,365.9800109863281,353.1199951171875,360.0,365.1499938964844,6613500,365.1499938964844,357.9700012207031,Up,5.149993896484375,362.6366678873698
2018-12-11,372.1700134277344,360.2300109863281,369.9100036621094,366.760009765625,6308800,366.760009765625,365.1499938964844,Up,-3.149993896484375,364.99000040690106
2018-12-13,377.44000244140625,366.75,370.1499938964844,376.7900085449219,7365900,376.7900085449219,366.6000061035156,Up,6.6400146484375,369.56667073567706
2018-12-21,323.4700012207031,312.44000244140625,317.3999938964844,319.7699890136719,8016800,319.7699890136719,315.3800048828125,Up,2.3699951171875,354.44000244140625
2018-12-26,326.9700012207031,294.0899963378906,300.0,326.0899963378906,8163100,326.0899963378906,295.3900146484375,Up,26.089996337890625,340.8833312988281
2018-12-28,336.239990234375,318.4100036621094,323.1000061035156,333.8699951171875,9939000,333.8699951171875,316.1300048828125,Up,10.769989013671875,326.57666015625
2019-01-04,318.0,302.7300109863281,306.0,317.69000244140625,7394100,317.69000244140625,300.3599853515625,Up,11.69000244140625,325.8833312988281
2019-01-07,336.739990234375,317.75,321.7200012207031,334.9599914550781,7551200,334.9599914550781,317.69000244140625,Up,13.239990234375,328.8399963378906
2019-01-08,344.010009765625,327.0199890136719,341.9599914550781,335.3500061035156,7008500,335.3500061035156,334.9599914550781,Up,-6.6099853515625,329.3333333333333
2019-01-09,343.5,331.4700012207031,335.5,338.5299987792969,5432900,338.5299987792969,335.3500061035156,Up,3.029998779296875,336.2799987792969
2019-01-10,345.3900146484375,331.7900085449219,334.3999938964844,344.9700012207031,6056400,344.9700012207031,338.5299987792969,Up,10.57000732421875,339.6166687011719
2019-01-11,348.4100036621094,338.7699890136719,342.0899963378906,347.260009765625,5039100,347.260009765625,344.9700012207031,Up,5.170013427734375,343.586669921875
2019-01-15,348.79998779296875,334.5,335.0,344.42999267578125,6056600,344.42999267578125,334.3999938964844,Up,9.42999267578125,345.55333455403644
2019-01-16,352.0,343.5,344.7799987792969,346.04998779296875,4691700,346.04998779296875,344.42999267578125,Up,1.269989013671875,345.913330078125
2019-01-17,351.5,344.1499938964844,346.2099914550781,347.30999755859375,3676700,347.30999755859375,346.04998779296875,Up,1.100006103515625,345.92999267578125
2019-01-24,293.67999267578125,279.2799987792969,283.0299987792969,291.510009765625,8012200,291.510009765625,287.5899963378906,Up,8.480010986328125,328.2899983723958
2019-01-25,298.5199890136719,289.54998779296875,294.3900146484375,297.0400085449219,7249600,297.0400085449219,291.510009765625,Up,2.649993896484375,311.9533386230469
2019-01-29,298.55999755859375,291.79998779296875,295.2699890136719,297.4599914550781,4621700,297.4599914550781,296.3800048828125,Up,2.19000244140625,295.336669921875
2019-01-30,309.0,298.489990234375,300.45001220703125,308.7699890136719,11250300,308.7699890136719,297.4599914550781,Up,8.319976806640625,301.0899963378906
2019-02-01,316.1000061035156,303.5,305.4200134277344,312.2099914550781,7283400,312.2099914550781,307.0199890136719,Up,6.78997802734375,306.1466573079427
2019-02-04,315.29998779296875,301.8800048828125,312.9800109863281,312.8900146484375,7352100,312.8900146484375,312.2099914550781,Up,-0.089996337890625,311.2899983723958
2019-02-05,322.44000244140625,312.25,312.489990234375,321.3500061035156,6742800,321.3500061035156,312.8900146484375,Up,8.860015869140625,315.48333740234375
2019-02-11,318.6000061035156,310.5,311.6000061035156,312.8399963378906,7129700,312.8399963378906,305.79998779296875,Up,1.239990234375,315.69333902994794
2019-02-15,308.0,303.8999938964844,304.5,307.8800048828125,3904900,307.8800048828125,303.7699890136719,Up,3.3800048828125,314.02333577473956
2019-02-22,296.5,292.1000061035156,294.489990234375,294.7099914550781,5740600,294.7099914550781,291.2300109863281,Up,0.220001220703125,305.14333089192706
2019-02-25,302.8999938964844,297.0,297.9100036621094,298.7699890136719,6626500,298.7699890136719,294.7099914550781,Up,0.8599853515625,300.4533284505208
2019-02-27,316.29998779296875,300.54998779296875,301.7799987792969,314.739990234375,11183900,314.739990234375,297.8599853515625,Up,12.959991455078125,302.739990234375
2019-02-28,320.0,310.80999755859375,318.9200134277344,319.8800048828125,10520700,319.8800048828125,314.739990234375,Up,0.959991455078125,311.12999471028644
2019-03-07,284.70001220703125,274.25,278.8399963378906,276.5899963378906,9442500,276.5899963378906,276.239990234375,Up,-2.25,303.7366638183594
2019-03-08,285.5899963378906,275.8900146484375,276.9100036621094,284.1400146484375,8819600,284.1400146484375,276.5899963378906,Up,7.230010986328125,293.5366719563802
2019-03-11,291.2799987792969,280.5,283.5199890136719,290.9200134277344,7392300,290.9200134277344,284.1400146484375,Up,7.4000244140625,283.8833414713542
2019-03-13,291.989990234375,282.70001220703125,283.8999938964844,288.9599914550781,6844700,288.9599914550781,283.3599853515625,Up,5.05999755859375,288.0066731770833
2019-03-14,295.3900146484375,288.2900085449219,292.45001220703125,289.9599914550781,7103400,289.9599914550781,288.9599914550781,Up,-2.490020751953125,289.94666544596356
2019-03-20,274.9700012207031,266.29998779296875,269.69000244140625,273.6000061035156,6908200,273.6000061035156,267.4700012207031,Up,3.910003662109375,284.17332967122394
2019-03-21,276.45001220703125,268.45001220703125,272.6000061035156,274.0199890136719,5947100,274.0199890136719,273.6000061035156,Up,1.41998291015625,279.1933288574219
2019-03-26,270.260009765625,264.42999267578125,264.44000244140625,267.7699890136719,7350900,267.7699890136719,260.4200134277344,Up,3.329986572265625,271.7966613769531
2019-03-27,275.3699951171875,268.17999267578125,268.75,274.8299865722656,8779200,274.8299865722656,267.7699890136719,Up,6.079986572265625,272.20665486653644
2019-03-28,280.3299865722656,275.1000061035156,277.1600036621094,278.6199951171875,6774100,278.6199951171875,274.8299865722656,Up,1.459991455078125,273.739990234375
2019-03-29,280.1600036621094,274.5,278.70001220703125,279.8599853515625,5991300,279.8599853515625,278.6199951171875,Up,1.15997314453125,277.7699890136719
2019-04-01,289.20001220703125,281.2799987792969,282.6199951171875,289.17999267578125,8110400,289.17999267578125,279.8599853515625,Up,6.55999755859375,282.55332438151044
2019-04-03,296.1700134277344,287.1700134277344,287.32000732421875,291.80999755859375,7929900,291.80999755859375,285.8800048828125,Up,4.489990234375,286.9499918619792
2019-04-05,276.1000061035156,266.1099853515625,269.8599853515625,274.9599914550781,13038300,274.9599914550781,267.7799987792969,Up,5.100006103515625,285.31666056315106
2019-04-10,278.3800048828125,272.8900146484375,276.739990234375,276.05999755859375,7061300,276.05999755859375,272.30999755859375,Up,-0.67999267578125,280.9433288574219
2019-04-16,275.0,264.7200012207031,265.75,273.3599853515625,7272900,273.3599853515625,266.3800048828125,Up,7.6099853515625,274.79332478841144
2019-04-18,274.8399963378906,269.75,271.2300109863281,273.260009765625,5876300,273.260009765625,271.2300109863281,Up,2.029998779296875,274.22666422526044
2019-04-23,265.6000061035156,255.75,260.1499938964844,263.8999938964844,10943900,263.8999938964844,262.75,Up,3.75,270.17332967122394
2019-04-29,243.97999572753906,232.1699981689453,235.86000061035156,241.47000122070312,16714500,241.47000122070312,235.13999938964844,Up,5.6100006103515625,259.5433349609375
2019-05-02,247.1300048828125,237.72000122070312,245.52000427246094,244.10000610351562,18159300,244.10000610351562,234.00999450683594,Up,-1.4199981689453125,249.82333374023438
2019-05-03,256.6099853515625,243.49000549316406,243.86000061035156,255.02999877929688,23706800,255.02999877929688,244.10000610351562,Up,11.169998168945312,246.86666870117188
2019-05-06,258.3500061035156,248.5,250.02000427246094,255.33999633789062,10833900,255.33999633789062,255.02999877929688,Up,5.3199920654296875,251.49000040690103
2019-05-14,234.5,228.0,229.3000030517578,232.30999755859375,7252400,232.30999755859375,227.00999450683594,Up,3.0099945068359375,247.55999755859375
2019-05-23,199.47000122070312,186.22000122070312,194.33999633789062,195.49000549316406,26547100,195.49000549316406,192.72999572753906,Up,1.1500091552734375,227.7133331298828
2019-05-29,192.38999938964844,185.0399932861328,187.10000610351562,189.86000061035156,11968600,189.86000061035156,188.6999969482422,Up,2.7599945068359375,205.88666788736978
2019-06-04,193.97999572753906,179.61000061035156,181.10000610351562,193.60000610351562,13807500,193.60000610351562,178.97000122070312,Up,12.5,192.98333740234375
2019-06-05,201.27999877929688,191.85000610351562,198.67999267578125,196.58999633789062,13510800,196.58999633789062,193.60000610351562,Up,-2.089996337890625,193.3500010172526
2019-06-06,211.0,201.8000030517578,204.44000244140625,205.9499969482422,20242200,205.9499969482422,196.58999633789062,Up,1.5099945068359375,198.7133331298828
2019-06-10,216.94000244140625,209.00999450683594,210.25,212.8800048828125,10585000,212.8800048828125,204.5,Up,2.6300048828125,205.13999938964844
2019-06-11,220.89999389648438,213.5,219.13999938964844,217.10000610351562,11653500,217.10000610351562,212.8800048828125,Up,-2.0399932861328125,211.97666931152344
2019-06-13,214.89999389648438,207.50999450683594,210.3800048828125,213.91000366210938,8168300,213.91000366210938,209.25999450683594,Up,3.529998779296875,214.6300048828125
2019-06-14,216.64999389648438,210.39999389648438,211.25,214.9199981689453,7433400,214.9199981689453,213.91000366210938,Up,3.6699981689453125,215.31000264485678
2019-06-17,227.0,214.27000427246094,215.47999572753906,225.02999877929688,12316800,225.02999877929688,214.9199981689453,Up,9.550003051757812,217.95333353678384
2019-06-19,227.77000427246094,221.05999755859375,225.11000061035156,226.42999267578125,6575100,226.42999267578125,224.74000549316406,Up,1.3199920654296875,222.1266632080078
2019-06-21,222.17999267578125,215.5,216.22000122070312,221.86000061035156,8202100,221.86000061035156,219.6199951171875,Up,5.6399993896484375,224.43999735514322
2019-06-24,225.86000061035156,221.02000427246094,223.24000549316406,223.63999938964844,5750800,223.63999938964844,221.86000061035156,Up,0.399993896484375,223.9766642252604
2019-06-27,222.89999389648438,217.35000610351562,219.4499969482422,222.83999633789062,6339700,222.83999633789062,219.27000427246094,Up,3.3899993896484375,222.77999877929688
2019-06-28,225.1699981689453,220.8000030517578,220.99000549316406,223.4600067138672,6851400,223.4600067138672,222.83999633789062,Up,2.470001220703125,223.3133341471354
2019-07-01,233.10000610351562,226.27999877929688,230.2100067138672,227.1699981689453,8238000,227.1699981689453,223.4600067138672,Up,-3.040008544921875,224.49000040690103
2019-07-03,241.57000732421875,234.50999450683594,239.38999938964844,234.89999389648438,14201100,234.89999389648438,224.5500030517578,Up,-4.4900054931640625,228.50999959309897
2019-07-10,238.94000244140625,233.13999938964844,234.14999389648438,238.9199981689453,9145700,238.9199981689453,230.05999755859375,Up,4.7700042724609375,233.663330078125
2019-07-12,245.3800048828125,239.7100067138672,239.75,245.0800018310547,9200500,245.0800018310547,238.60000610351562,Up,5.3300018310546875,239.63333129882812
2019-07-15,254.4199981689453,244.86000061035156,248.0,253.5,11000100,253.5,245.0800018310547,Up,5.5,245.83333333333334
2019-07-17,258.30999755859375,253.35000610351562,255.6699981689453,254.86000061035156,9764700,254.86000061035156,252.3800048828125,Up,-0.80999755859375,251.14666748046875
2019-07-19,259.9599914550781,254.6199951171875,255.69000244140625,258.17999267578125,7048400,258.17999267578125,253.5399932861328,Up,2.489990234375,255.5133310953776
2019-07-23,260.4800109863281,254.5,256.7099914550781,260.1700134277344,5023100,260.1700134277344,255.67999267578125,Up,3.46002197265625,257.7366689046224
2019-07-24,266.07000732421875,258.1600036621094,259.1700134277344,264.8800048828125,11072800,264.8800048828125,260.1700134277344,Up,5.709991455078125,261.07667032877606
2019-07-29,235.94000244140625,226.02999877929688,227.08999633789062,235.77000427246094,9273300,235.77000427246094,228.0399932861328,Up,8.680007934570312,253.60667419433594
2019-07-30,243.36000061035156,232.17999267578125,232.89999389648438,242.25999450683594,8109000,242.25999450683594,235.77000427246094,Up,9.360000610351562,247.63666788736978
2019-08-02,236.27000427246094,229.22999572753906,231.35000610351562,234.33999633789062,6136500,234.33999633789062,233.85000610351562,Up,2.989990234375,237.4566650390625
2019-08-06,232.5,225.75,231.8800048828125,230.75,5564200,230.75,228.32000732421875,Up,-1.1300048828125,235.78333028157553
2019-08-07,233.57000732421875,225.8000030517578,226.5,233.4199981689453,4776500,233.4199981689453,230.75,Up,6.9199981689453125,232.83666483561197
2019-08-08,239.8000030517578,232.64999389648438,234.4499969482422,238.3000030517578,5274300,238.3000030517578,233.4199981689453,Up,3.850006103515625,234.15666707356772
2019-08-13,236.0,227.5500030517578,228.80999755859375,235.0,4848100,235.0,229.00999450683594,Up,6.19000244140625,235.57333374023438
2019-08-16,222.24000549316406,216.02000427246094,216.66000366210938,219.94000244140625,5098500,219.94000244140625,215.63999938964844,Up,3.279998779296875,231.0800018310547
2019-08-19,227.8300018310547,221.6999969482422,224.2100067138672,226.8300018310547,5309600,226.8300018310547,219.94000244140625,Up,2.6199951171875,227.2566680908203
2019-08-22,225.39999389648438,218.22000122070312,222.8000030517578,222.14999389648438,6559000,222.14999389648438,220.8300018310547,Up,-0.6500091552734375,222.97333272298178
2019-08-26,215.02000427246094,211.5399932861328,213.60000610351562,215.0,5051900,215.0,211.39999389648438,Up,1.399993896484375,221.32666524251303
2019-08-28,217.25,212.30999755859375,213.69000244140625,215.58999633789062,3225500,215.58999633789062,214.0800018310547,Up,1.899993896484375,217.57999674479166
2019-08-29,223.39999389648438,218.0,219.0,221.7100067138672,5179500,221.7100067138672,215.58999633789062,Up,2.7100067138671875,217.43333435058594
2019-08-30,232.44000244140625,224.2100067138672,229.14999389648438,225.61000061035156,9320600,225.61000061035156,221.7100067138672,Up,-3.5399932861328125,220.97000122070312
2019-09-05,229.8000030517578,220.85000610351562,222.5,229.5800018310547,7395300,229.5800018310547,220.67999267578125,Up,7.0800018310546875,225.63333638509116
2019-09-09,233.75999450683594,229.22999572753906,230.0,231.7899932861328,4802700,231.7899932861328,227.4499969482422,Up,1.7899932861328125,228.9933319091797
2019-09-10,235.5399932861328,228.94000244140625,230.8000030517578,235.5399932861328,4883700,235.5399932861328,231.7899932861328,Up,4.739990234375,232.30332946777344
2019-09-11,248.1699981689453,236.0,237.3800048828125,247.10000610351562,10042800,247.10000610351562,235.5399932861328,Up,9.720001220703125,238.1433308919271
2019-09-17,245.60000610351562,240.3699951171875,242.47000122070312,244.7899932861328,3865400,244.7899932861328,242.80999755859375,Up,2.3199920654296875,242.4766642252604
2019-09-19,247.94000244140625,244.83999633789062,246.0,246.60000610351562,4795800,246.60000610351562,243.49000549316406,Up,0.600006103515625,246.16333516438803
2019-09-23,245.17999267578125,239.22000122070312,240.0,241.22999572753906,4340200,241.22999572753906,240.6199951171875,Up,1.2299957275390625,244.2066650390625
2019-09-25,228.97999572753906,218.36000061035156,224.55999755859375,228.6999969482422,9427100,228.6999969482422,223.2100067138672,Up,4.1399993896484375,238.84333292643228
2019-09-26,243.30999755859375,227.39999389648438,230.66000366210938,242.55999755859375,11884500,242.55999755859375,228.6999969482422,Up,11.899993896484375,237.49666341145834
2019-10-01,245.9499969482422,239.1300048828125,241.5,244.69000244140625,6162600,244.69000244140625,240.8699951171875,Up,3.19000244140625,238.6499989827474
2019-10-07,238.55999755859375,228.5500030517578,229.8000030517578,237.72000122070312,8064200,237.72000122070312,231.42999267578125,Up,7.9199981689453125,241.65666707356772
2019-10-08,243.94000244140625,234.5,235.8699951171875,240.0500030517578,8678200,240.0500030517578,237.72000122070312,Up,4.1800079345703125,240.82000223795572
2019-10-09,247.3000030517578,240.64999389648438,241.32000732421875,244.52999877929688,6894400,244.52999877929688,240.0500030517578,Up,3.209991455078125,240.76666768391928
2019-10-10,249.27999877929688,241.5800018310547,245.27999877929688,244.74000549316406,6283300,244.74000549316406,244.52999877929688,Up,-0.5399932861328125,243.1066691080729
2019-10-11,251.0800018310547,246.80999755859375,247.14999389648438,247.88999938964844,8475400,247.88999938964844,244.74000549316406,Up,0.7400054931640625,245.72000122070312
2019-10-14,258.54998779296875,247.1300048828125,247.89999389648438,256.9599914550781,10205000,256.9599914550781,247.88999938964844,Up,9.05999755859375,249.86333211263022
2019-10-15,260.0,254.1199951171875,257.70001220703125,257.8900146484375,6432800,257.8900146484375,256.9599914550781,Up,0.19000244140625,254.24666849772134
2019-10-16,262.1000061035156,256.9200134277344,257.3900146484375,259.75,6684100,259.75,257.8900146484375,Up,2.3599853515625,258.2000020345052
2019-10-17,264.7799987792969,260.1700134277344,262.5,261.9700012207031,4769300,261.9700012207031,259.75,Up,-0.529998779296875,259.87000528971356
2019-10-22,258.3299865722656,250.85000610351562,254.32000732421875,255.5800018310547,4600800,255.5800018310547,253.5,Up,1.2599945068359375,259.1000010172526
2019-10-24,304.92999267578125,289.20001220703125,298.3699951171875,299.67999267578125,29720900,299.67999267578125,254.67999267578125,Up,1.30999755859375,272.4099985758464
2019-10-25,330.0,296.1099853515625,297.7200012207031,328.1300048828125,30006100,328.1300048828125,299.67999267578125,Up,30.410003662109375,294.4633331298828
2019-11-04,321.94000244140625,309.260009765625,314.79998779296875,317.4700012207031,8787000,317.4700012207031,313.30999755859375,Up,2.670013427734375,315.0933329264323
2019-11-06,326.7200012207031,314.5,318.0,326.5799865722656,7940900,326.5799865722656,317.2200012207031,Up,8.579986572265625,324.05999755859375
2019-11-07,341.5,328.0199890136719,329.1400146484375,335.5400085449219,14467300,335.5400085449219,326.5799865722656,Up,6.399993896484375,326.5299987792969
2019-11-08,337.4599914550781,332.5,334.5,337.1400146484375,6069200,337.1400146484375,335.5400085449219,Up,2.6400146484375,333.086669921875
2019-11-11,349.19000244140625,342.0,343.95001220703125,345.0899963378906,9986700,345.0899963378906,337.1400146484375,Up,1.139984130859375,339.2566731770833
2019-11-12,350.3699951171875,344.0400085449219,346.8999938964844,349.92999267578125,7359400,349.92999267578125,345.0899963378906,Up,3.029998779296875,344.05333455403644
2019-11-14,353.8399963378906,342.9100036621094,346.1099853515625,349.3500061035156,6464900,349.3500061035156,346.1099853515625,Up,3.240020751953125,348.1233317057292
2019-11-15,352.79998779296875,348.3599853515625,350.6400146484375,352.1700134277344,4809000,352.1700134277344,349.3500061035156,Up,1.529998779296875,350.48333740234375
2019-11-19,359.989990234375,347.79998779296875,351.75,359.5199890136719,7724800,359.5199890136719,349.989990234375,Up,7.769989013671875,353.6800028483073
2019-11-21,360.8399963378906,354.0,354.510009765625,354.8299865722656,6079200,354.8299865722656,352.2200012207031,Up,0.319976806640625,355.5066630045573
2019-11-25,344.57000732421875,334.4599914550781,344.32000732421875,336.3399963378906,12339500,336.3399963378906,333.0400085449219,Up,-7.980010986328125,350.22999064127606
2019-11-27,333.92999267578125,328.57000732421875,331.1199951171875,331.2900085449219,5555600,331.2900085449219,328.9200134277344,Up,0.170013427734375,340.8199971516927
2019-12-02,336.3800048828125,328.69000244140625,329.3999938964844,334.8699951171875,6074500,334.8699951171875,329.94000244140625,Up,5.470001220703125,334.1666666666667
2019-12-03,337.9100036621094,332.19000244140625,332.6199951171875,336.20001220703125,6573700,336.20001220703125,334.8699951171875,Up,3.58001708984375,334.12000528971356
2019-12-06,338.8599853515625,334.7699890136719,335.0,335.8900146484375,7612400,335.8900146484375,330.3699951171875,Up,0.8900146484375,335.65334065755206
2019-12-09,344.45001220703125,335.0799865722656,336.5899963378906,339.5299987792969,9023100,339.5299987792969,335.8900146484375,Up,2.94000244140625,337.20667521158856
2019-12-10,350.7300109863281,339.30999755859375,339.9599914550781,348.8399963378906,8828300,348.8399963378906,339.5299987792969,Up,8.8800048828125,341.4200032552083
2019-12-11,357.19000244140625,351.0899963378906,351.8800048828125,352.70001220703125,6897800,352.70001220703125,348.8399963378906,Up,0.82000732421875,347.02333577473956
2019-12-12,362.739990234375,353.2300109863281,354.9200134277344,359.67999267578125,7763900,359.67999267578125,352.70001220703125,Up,4.759979248046875,353.74000040690106
2019-12-16,383.6099853515625,362.5,362.54998779296875,381.5,18174200,381.5,358.3900146484375,Up,18.95001220703125,364.6266682942708
2019-12-18,395.2200012207031,380.5799865722656,380.6300048828125,393.1499938964844,14121000,393.1499938964844,378.989990234375,Up,12.519989013671875,378.10999552408856
2019-12-19,406.8500061035156,396.5,397.32000732421875,404.0400085449219,18107100,404.0400085449219,393.1499938964844,Up,6.720001220703125,392.89666748046875
2019-12-20,413.0,400.19000244140625,410.2900085449219,405.5899963378906,14752700,405.5899963378906,404.0400085449219,Up,-4.70001220703125,400.9266662597656
2019-12-23,422.010009765625,410.0,411.7799987792969,419.2200012207031,13319600,419.2200012207031,405.5899963378906,Up,7.44000244140625,409.6166687011719
2019-12-24,425.4700012207031,412.69000244140625,418.3599853515625,425.25,8054700,425.25,419.2200012207031,Up,6.8900146484375,416.68666585286456
2019-12-26,433.4800109863281,426.3500061035156,427.9100036621094,430.94000244140625,10633900,430.94000244140625,425.25,Up,3.029998779296875,425.1366678873698
2019-12-31,421.2900085449219,402.0799865722656,405.0,418.3299865722656,10285700,418.3299865722656,414.70001220703125,Up,13.329986572265625,424.8399963378906
2020-01-02,430.70001220703125,421.7099914550781,424.5,430.260009765625,9532100,430.260009765625,418.3299865722656,Up,5.760009765625,426.50999959309894
2020-01-03,454.0,436.9200134277344,440.5,443.010009765625,17778500,443.010009765625,430.260009765625,Up,2.510009765625,430.53333536783856
2020-01-06,451.55999755859375,440.0,440.4700012207031,451.5400085449219,10133000,451.5400085449219,443.010009765625,Up,11.07000732421875,441.6033426920573
2020-01-07,471.6300048828125,453.3599853515625,461.3999938964844,469.05999755859375,17882100,469.05999755859375,451.5400085449219,Up,7.660003662109375,454.5366719563802
2020-01-08,498.489990234375,468.2300109863281,473.70001220703125,492.1400146484375,31144300,492.1400146484375,469.05999755859375,Up,18.44000244140625,470.91334025065106
2020-01-13,525.6300048828125,492.0,493.5,524.8599853515625,26517600,524.8599853515625,478.1499938964844,Up,31.3599853515625,495.35333251953125
2020-01-14,547.4099731445312,524.9000244140625,544.260009765625,537.9199829101562,28996200,537.9199829101562,524.8599853515625,Up,-6.34002685546875,518.3066609700521
2020-01-21,548.5800170898438,528.4099731445312,530.25,547.2000122070312,17803500,547.2000122070312,510.5,Up,16.95001220703125,536.6599934895834
2020-01-22,594.5,559.0999755859375,571.8900146484375,569.5599975585938,31369000,569.5599975585938,547.2000122070312,Up,-2.33001708984375,551.5599975585938
2020-01-23,582.0,555.5999755859375,564.25,572.2000122070312,19651000,572.2000122070312,569.5599975585938,Up,7.95001220703125,562.9866739908854
2020-01-28,576.8099975585938,558.0800170898438,568.489990234375,566.9000244140625,11788500,566.9000244140625,558.02001953125,Up,-1.5899658203125,569.5533447265625
2020-01-29,589.7999877929688,567.4299926757812,575.6900024414062,580.989990234375,17801500,580.989990234375,566.9000244140625,Up,5.29998779296875,573.3633422851562
2020-01-30,650.8800048828125,618.0,632.4199829101562,640.8099975585938,29005700,640.8099975585938,580.989990234375,Up,8.3900146484375,596.2333374023438
2020-01-31,653.0,632.52001953125,640.0,650.5700073242188,15719300,650.5700073242188,640.8099975585938,Up,10.57000732421875,624.1233317057291
2020-02-03,786.1400146484375,673.52001953125,673.6900024414062,780.0,47233500,780.0,650.5700073242188,Up,106.30999755859375,690.4600016276041
2020-02-04,968.989990234375,833.8800048828125,882.9600219726562,887.0599975585938,60938800,887.0599975585938,780.0,Up,4.0999755859375,772.5433349609375
2020-02-06,795.8300170898438,687.0,699.9199829101562,748.9600219726562,39880800,748.9600219726562,734.7000122070312,Up,49.0400390625,805.3400065104166
2020-02-10,819.989990234375,752.4000244140625,800.0,771.280029296875,24689200,771.280029296875,748.0700073242188,Up,-28.719970703125,802.433349609375
2020-02-11,783.510009765625,758.0,768.7899780273438,774.3800048828125,11697500,774.3800048828125,771.280029296875,Up,5.59002685546875,764.8733520507812
2020-02-13,818.0,735.0,741.8400268554688,804.0,26289300,804.0,767.2899780273438,Up,62.15997314453125,783.2200113932291
2020-02-18,860.0,832.3599853515625,841.5999755859375,858.4000244140625,16381700,858.4000244140625,800.030029296875,Up,16.800048828125,812.260009765625
2020-02-19,944.780029296875,901.02001953125,923.5,917.4199829101562,25423000,917.4199829101562,858.4000244140625,Up,-6.08001708984375,859.9400024414062
2020-02-21,913.0599975585938,880.4500122070312,906.97998046875,901.0,14314800,901.0,899.4099731445312,Up,-5.97998046875,892.2733357747396
2020-03-02,743.6900024414062,686.6699829101562,711.260009765625,743.6199951171875,20195000,743.6199951171875,667.989990234375,Up,32.3599853515625,854.0133260091146
2020-03-03,806.97998046875,716.1099853515625,805.0,745.510009765625,25784000,745.510009765625,743.6199951171875,Up,-59.489990234375,796.7100016276041
2020-03-04,766.52001953125,724.72998046875,763.9600219726562,749.5,15049000,749.5,745.510009765625,Up,-14.46002197265625,746.2100016276041
2020-03-10,668.0,608.0,659.4299926757812,645.3300170898438,15594400,645.3300170898438,608.0,Up,-14.0999755859375,713.4466756184896
2020-03-19,452.0,358.4599914550781,374.70001220703125,427.6400146484375,30195500,427.6400146484375,361.2200012207031,Up,52.94000244140625,607.4900105794271
2020-03-23,442.0,410.5,433.6000061035156,434.2900085449219,16454500,434.2900085449219,427.5299987792969,Up,0.69000244140625,502.4200134277344
2020-03-24,513.6900024414062,474.0,477.29998779296875,505.0,22895200,505.0,434.2900085449219,Up,27.70001220703125,455.6433410644531
2020-03-25,557.0,511.1099853515625,545.25,539.25,21222700,539.25,505.0,Up,-6.0,492.84666951497394
2020-03-31,542.9600219726562,497.0,501.25,524.0,17771500,524.0,502.1300048828125,Up,22.75,522.75
2020-04-03,515.489990234375,468.3900146484375,509.5,480.010009765625,22562100,480.010009765625,454.4700012207031,Up,-29.489990234375,514.4200032552084
2020-04-06,521.0,497.9599914550781,511.20001220703125,516.239990234375,14901800,516.239990234375,480.010009765625,Up,5.03997802734375,506.75
2020-04-07,565.0,532.3400268554688,545.0,545.4500122070312,17919800,545.4500122070312,516.239990234375,Up,0.45001220703125,513.9000040690104
2020-04-08,557.2100219726562,533.3300170898438,554.2000122070312,548.8400268554688,12656000,548.8400268554688,545.4500122070312,Up,-5.3599853515625,536.8433430989584
2020-04-09,575.1799926757812,557.1099853515625,562.0900268554688,573.0,13650000,573.0,548.8400268554688,Up,10.90997314453125,555.7633463541666
2020-04-13,652.0,580.530029296875,590.1599731445312,650.9500122070312,22475400,650.9500122070312,573.0,Up,60.7900390625,590.9300130208334
2020-04-14,741.8800048828125,692.4299926757812,698.969970703125,709.8900146484375,30576500,709.8900146484375,650.9500122070312,Up,10.9200439453125,644.6133422851562
2020-04-15,753.1300048828125,710.0,742.0,729.8300170898438,23577000,729.8300170898438,709.8900146484375,Up,-12.16998291015625,696.8900146484375
2020-04-16,759.4500122070312,706.719970703125,716.9400024414062,745.2100219726562,20657900,745.2100219726562,729.8300170898438,Up,28.27001953125,728.3100179036459
2020-04-17,774.9500122070312,747.6599731445312,772.280029296875,753.8900146484375,13128200,753.8900146484375,745.2100219726562,Up,-18.3900146484375,742.9766845703125
2020-04-22,734.0,688.7100219726562,703.97998046875,732.1099853515625,14224800,732.1099853515625,686.719970703125,Up,28.1300048828125,743.7366739908854
2020-04-24,730.72998046875,698.1799926757812,710.8099975585938,725.1500244140625,13237600,725.1500244140625,705.6300048828125,Up,14.34002685546875,737.0500081380209
2020-04-27,799.489990234375,735.0,737.6099853515625,798.75,20681400,798.75,725.1500244140625,Up,61.1400146484375,752.0033365885416
2020-04-29,803.2000122070312,783.1599731445312,790.1699829101562,800.510009765625,16216000,800.510009765625,769.1199951171875,Up,10.34002685546875,774.8033447265625
